Workbook

Sheet 進捗管理
A1: 🔋 蓄電池設置 予実進捗管理シート | G1: 予 定 日 | P1: 実 績 日 | Y1: 自動計算（数式）
A2: No | B2: 案件名 | C2: 顧客名 | D2: 担当 | E2: 容量 (kWh) | F2: 受注日 | G2: 1. 受注・契約 | H2: 2. 現地調査 | I2: 3. 設計・図面 | J2: 4. 補助金申請 | K2: 5. 系統連系申請 | L2: 6. 機器発注・納品 | M2: 7. 設置工事 | N2: 8. 完了検査・連系 | O2: 9. 引渡し | P2: 1. 受注・契約 | Q2: 2. 現地調査 | R2: 3. 設計・図面 | S2: 4. 補助金申請 | T2: 5. 系統連系申請 | U2: 6. 機器発注・納品 | V2: 7. 設置工事 | W2: 8. 完了検査・連系 | X2: 9. 引渡し | Y2: 進捗率 | Z2: 遅延 工程 | AA2: ステータス | AB2: 次の期限 | AC2: メモ / 備考
A3: 1 | B3: サンプル：〇〇邸 蓄電池設置工事 | C3: 山田 太郎 | D3: 鈴木 | E3: 9.8 | F3: 46185 | G3: 46190 | H3: 46195 | I3: 46200 | J3: 46205 | K3: 46210 | L3: 46215 | M3: 46220 | N3: 46225 | O3: 46230 | P3: 46191 | Q3: 46196 | R3: 46201 | S3: 46206 | Y3: =IF($B3="","",COUNT(P3:X3)/9) | Z3: =IF($B3="","",SUMPRODUCT((P3:X3="")*(G3:O3>0)*(G3:O3<TODAY()))) | AA3: =IF($B3="","",IF(Y3=1,"完了",IF(Z3>0,"遅延",IF(COUNT(G3:O3,P3:X3)>0,"進行中","未着手")))) | AB3: =IF(OR($B3="",SUMPRODUCT((P3:X3="")*(G3:O3>0))=0),"",AGGREGATE(15,6,G3:O3/((P3:X3="")*(G3:O3>0)),1)) | AC3: サンプルデータ。不要なら行を削除してください
A4: 2 | B4: サンプル：△△マンション 共用部 | C4: □□管理組合 | D4: 佐藤 | E4: 16.4 | F4: 46205 | G4: 46207 | H4: 46213 | I4: 46219 | J4: 46225 | K4: 46231 | L4: 46237 | M4: 46243 | N4: 46249 | O4: 46255 | P4: 46208 | Q4: 46214 | Y4: =IF($B4="","",COUNT(P4:X4)/9) | Z4: =IF($B4="","",SUMPRODUCT((P4:X4="")*(G4:O4>0)*(G4:O4<TODAY()))) | AA4: =IF($B4="","",IF(Y4=1,"完了",IF(Z4>0,"遅延",IF(COUNT(G4:O4,P4:X4)>0,"進行中","未着手")))) | AB4: =IF(OR($B4="",SUMPRODUCT((P4:X4="")*(G4:O4>0))=0),"",AGGREGATE(15,6,G4:O4/((P4:X4="")*(G4:O4>0)),1)) | AC4: 補助金：DR補助金 申請予定
A5: 3 | Y5: =IF($B5="","",COUNT(P5:X5)/9) | Z5: =IF($B5="","",SUMPRODUCT((P5:X5="")*(G5:O5>0)*(G5:O5<TODAY()))) | AA5: =IF($B5="","",IF(Y5=1,"完了",IF(Z5>0,"遅延",IF(COUNT(G5:O5,P5:X5)>0,"進行中","未着手")))) | AB5: =IF(OR($B5="",SUMPRODUCT((P5:X5="")*(G5:O5>0))=0),"",AGGREGATE(15,6,G5:O5/((P5:X5="")*(G5:O5>0)),1))
A6: 4 | Y6: =IF($B6="","",COUNT(P6:X6)/9) | Z6: =IF($B6="","",SUMPRODUCT((P6:X6="")*(G6:O6>0)*(G6:O6<TODAY()))) | AA6: =IF($B6="","",IF(Y6=1,"完了",IF(Z6>0,"遅延",IF(COUNT(G6:O6,P6:X6)>0,"進行中","未着手")))) | AB6: =IF(OR($B6="",SUMPRODUCT((P6:X6="")*(G6:O6>0))=0),"",AGGREGATE(15,6,G6:O6/((P6:X6="")*(G6:O6>0)),1))
A7: 5 | Y7: =IF($B7="","",COUNT(P7:X7)/9) | Z7: =IF($B7="","",SUMPRODUCT((P7:X7="")*(G7:O7>0)*(G7:O7<TODAY()))) | AA7: =IF($B7="","",IF(Y7=1,"完了",IF(Z7>0,"遅延",IF(COUNT(G7:O7,P7:X7)>0,"進行中","未着手")))) | AB7: =IF(OR($B7="",SUMPRODUCT((P7:X7="")*(G7:O7>0))=0),"",AGGREGATE(15,6,G7:O7/((P7:X7="")*(G7:O7>0)),1))
A8: 6 | Y8: =IF($B8="","",COUNT(P8:X8)/9) | Z8: =IF($B8="","",SUMPRODUCT((P8:X8="")*(G8:O8>0)*(G8:O8<TODAY()))) | AA8: =IF($B8="","",IF(Y8=1,"完了",IF(Z8>0,"遅延",IF(COUNT(G8:O8,P8:X8)>0,"進行中","未着手")))) | AB8: =IF(OR($B8="",SUMPRODUCT((P8:X8="")*(G8:O8>0))=0),"",AGGREGATE(15,6,G8:O8/((P8:X8="")*(G8:O8>0)),1))
A9: 7 | Y9: =IF($B9="","",COUNT(P9:X9)/9) | Z9: =IF($B9="","",SUMPRODUCT((P9:X9="")*(G9:O9>0)*(G9:O9<TODAY()))) | AA9: =IF($B9="","",IF(Y9=1,"完了",IF(Z9>0,"遅延",IF(COUNT(G9:O9,P9:X9)>0,"進行中","未着手")))) | AB9: =IF(OR($B9="",SUMPRODUCT((P9:X9="")*(G9:O9>0))=0),"",AGGREGATE(15,6,G9:O9/((P9:X9="")*(G9:O9>0)),1))
A10: 8 | Y10: =IF($B10="","",COUNT(P10:X10)/9) | Z10: =IF($B10="","",SUMPRODUCT((P10:X10="")*(G10:O10>0)*(G10:O10<TODAY()))) | AA10: =IF($B10="","",IF(Y10=1,"完了",IF(Z10>0,"遅延",IF(COUNT(G10:O10,P10:X10)>0,"進行中","未着手")))) | AB10: =IF(OR($B10="",SUMPRODUCT((P10:X10="")*(G10:O10>0))=0),"",AGGREGATE(15,6,G10:O10/((P10:X10="")*(G10:O10>0)),1))
A11: 9 | Y11: =IF($B11="","",COUNT(P11:X11)/9) | Z11: =IF($B11="","",SUMPRODUCT((P11:X11="")*(G11:O11>0)*(G11:O11<TODAY()))) | AA11: =IF($B11="","",IF(Y11=1,"完了",IF(Z11>0,"遅延",IF(COUNT(G11:O11,P11:X11)>0,"進行中","未着手")))) | AB11: =IF(OR($B11="",SUMPRODUCT((P11:X11="")*(G11:O11>0))=0),"",AGGREGATE(15,6,G11:O11/((P11:X11="")*(G11:O11>0)),1))
A12: 10 | Y12: =IF($B12="","",COUNT(P12:X12)/9) | Z12: =IF($B12="","",SUMPRODUCT((P12:X12="")*(G12:O12>0)*(G12:O12<TODAY()))) | AA12: =IF($B12="","",IF(Y12=1,"完了",IF(Z12>0,"遅延",IF(COUNT(G12:O12,P12:X12)>0,"進行中","未着手")))) | AB12: =IF(OR($B12="",SUMPRODUCT((P12:X12="")*(G12:O12>0))=0),"",AGGREGATE(15,6,G12:O12/((P12:X12="")*(G12:O12>0)),1))
A13: 11 | Y13: =IF($B13="","",COUNT(P13:X13)/9) | Z13: =IF($B13="","",SUMPRODUCT((P13:X13="")*(G13:O13>0)*(G13:O13<TODAY()))) | AA13: =IF($B13="","",IF(Y13=1,"完了",IF(Z13>0,"遅延",IF(COUNT(G13:O13,P13:X13)>0,"進行中","未着手")))) | AB13: =IF(OR($B13="",SUMPRODUCT((P13:X13="")*(G13:O13>0))=0),"",AGGREGATE(15,6,G13:O13/((P13:X13="")*(G13:O13>0)),1))
A14: 12 | Y14: =IF($B14="","",COUNT(P14:X14)/9) | Z14: =IF($B14="","",SUMPRODUCT((P14:X14="")*(G14:O14>0)*(G14:O14<TODAY()))) | AA14: =IF($B14="","",IF(Y14=1,"完了",IF(Z14>0,"遅延",IF(COUNT(G14:O14,P14:X14)>0,"進行中","未着手")))) | AB14: =IF(OR($B14="",SUMPRODUCT((P14:X14="")*(G14:O14>0))=0),"",AGGREGATE(15,6,G14:O14/((P14:X14="")*(G14:O14>0)),1))
A15: 13 | Y15: =IF($B15="","",COUNT(P15:X15)/9) | Z15: =IF($B15="","",SUMPRODUCT((P15:X15="")*(G15:O15>0)*(G15:O15<TODAY()))) | AA15: =IF($B15="","",IF(Y15=1,"完了",IF(Z15>0,"遅延",IF(COUNT(G15:O15,P15:X15)>0,"進行中","未着手")))) | AB15: =IF(OR($B15="",SUMPRODUCT((P15:X15="")*(G15:O15>0))=0),"",AGGREGATE(15,6,G15:O15/((P15:X15="")*(G15:O15>0)),1))
A16: 14 | Y16: =IF($B16="","",COUNT(P16:X16)/9) | Z16: =IF($B16="","",SUMPRODUCT((P16:X16="")*(G16:O16>0)*(G16:O16<TODAY()))) | AA16: =IF($B16="","",IF(Y16=1,"完了",IF(Z16>0,"遅延",IF(COUNT(G16:O16,P16:X16)>0,"進行中","未着手")))) | AB16: =IF(OR($B16="",SUMPRODUCT((P16:X16="")*(G16:O16>0))=0),"",AGGREGATE(15,6,G16:O16/((P16:X16="")*(G16:O16>0)),1))
... A42: 40 | Y42: =IF($B42="","",COUNT(P42:X42)/9) | Z42: =IF($B42="","",SUMPRODUCT((P42:X42="")*(G42:O42>0)*(G42:O42<TODAY()))) | AA42: =IF($B42="","",IF(Y42=1,"完了",IF(Z42>0,"遅延",IF(COUNT(G42:O42,P42:X42)>0,"進行中","未着手")))) | AB42: =IF(OR($B42="",SUMPRODUCT((P42:X42="")*(G42:O42>0))=0),"",AGGREGATE(15,6,G42:O42/((P42:X42="")*(G42:O42>0)),1))

Sheet ダッシュボード
B2: 🔋 蓄電池設置 進捗ダッシュボード
B4: 総案件数 | C4: 進行中 | D4: 遅延あり | E4: 完了 | F4: 未着手
B5: =COUNTA(進捗管理!$B$3:$B$42) | C5: =COUNTIF(進捗管理!$AA$3:$AA$42,"進行中") | D5: =COUNTIF(進捗管理!$AA$3:$AA$42,"遅延") | E5: =COUNTIF(進捗管理!$AA$3:$AA$42,"完了") | F5: =COUNTIF(進捗管理!$AA$3:$AA$42,"未着手")
B7: 平均進捗率 | C7: =IFERROR(AVERAGE(進捗管理!$Y$3:$Y$42),0)
B10: ■ 使い方
B11: 1. 「進捗管理」シートに案件を1行ずつ入力します（案件名・顧客・担当・容量・受注日）。
B12: 2. 各工程の『予定日』と、完了したら『実績日』を入力します。
B13: 3. 進捗率・遅延工程・ステータス・次の期限は自動計算されます（入力不要）。
B15: ■ 色の意味
B16: ・予定日セルが赤 … 予定日を過ぎたのに実績日が未入力（遅延）
B17: ・実績日セルが橙 … 実績日が予定日より遅れて完了
B18: ・ステータス緑=完了 / 赤=遅延 / 青=進行中 / 灰=未着手
B20: ■ 標準工程（9ステップ）
B21: 受注・契約 → 現地調査 → 設計・図面 → 補助金申請 → 系統連系申請 →
B22: 機器発注・納品 → 設置工事 → 完了検査・連系 → 引渡し
B24: ※ 工程を増減したい場合は「進捗管理」シートの列を追加・削除し、数式範囲を調整してください。
